SPI12,Nino34,PDO,SAM,DMI
-0.163457046,-0.93,-0.25,-1.349,-0.363
-0.170865685,-0.64,-0.7,-1.554,0.014
-0.208176318,-0.79,0.18,-2.235,-0.324
-0.526204241,-1.17,-0.37,-1.694,-0.186
-0.203969095,-1.41,-0.06,-0.317,-0.308
-0.134168763,-1.04,-0.28,-1.285,-0.244
0.088581851,-0.88,0.03,-2.844,-0.713
-0.336975045,-0.9,-0.06,-1.018,-0.511
-0.24102,-1.29,0.4,1.333,-0.632
-0.493593257,-0.94,-0.66,0.496,-0.661
-0.658106349,-0.53,0.02,-0.726,-0.406
-0.520602679,-0.64,0.84,-0.951,-0.058
-0.501094577,-0.57,-1.11,-1.651,0.005
-0.610621081,-0.58,0,-1.283,-0.306
-0.627575182,-0.82,-0.78,0.258,-0.562
-0.630639612,-1.11,-0.73,-3.211,-0.539
-0.686313137,-1.05,0.17,-0.018,-0.214
-0.813582958,-0.64,0.02,0.402,-0.6
-0.996009901,-0.22,0.48,-0.243,-0.451
-1.006816716,-0.28,0.43,0.736,-0.289
-1.169923281,0.22,0.29,-0.606,-0.157
-1.355772215,0.2,0.2,-1.957,-0.283
-1.629778431,0.84,-0.86,-4.451,0.031
-1.625644109,0.96,0.01,-5.85,0.076
-1.672990584,1.55,-1.72,-1.055,-0.077
-1.424164256,0.83,-0.23,-0.923,-0.115
-0.592362668,0.69,-0.04,-0.965,0.106
-0.149655367,0.58,-0.38,-0.962,-0.062
-0.414445838,0,-0.02,1.356,0.151
-0.698660135,-0.24,0.77,1.432,0.21
-0.590113999,-0.1,1.07,0.68,-0.352
-0.698625069,-0.4,-0.84,-1.495,-0.465
-0.660244994,0.09,0.94,-4.292,-0.34
-0.641970517,-0.13,0.56,-0.97,-0.222
-0.581571048,0.16,0.74,-2.038,-0.463
-0.650629244,-0.49,0.98,-1.549,-0.265
-0.586324949,-0.2,-0.03,-1.329,-0.051
-0.784346408,0.18,0.34,-2.797,0.051
-1.45699535,0.16,0.06,-4.942,0.026
-1.2289438,-0.77,-0.92,-1.469,-0.071
-1.351688537,-0.28,0.66,-0.607,0.028
-1.233219006,-0.16,1.43,-1.322,0.31
-1.546872346,-0.15,1.06,-2.05,-0.029
-1.239169808,-0.09,1.29,-3.237,-0.184
-0.952040702,0.05,0.73,-1.018,-0.085
-0.750926768,0.03,0.62,-2.106,0.241
-0.737920852,0.8,0.75,-4.818,0.021
-0.472019119,0.85,0.9,-4.565,-0.023
-0.501633323,0.7,0.34,-2.202,-0.101
-0.441341414,0.8,-0.29,-3.813,0.01
-0.466779855,0.32,0.08,-4.104,-0.184
-0.998875406,0.69,1.2,-3.597,-0.039
-1.118866077,0.01,0.11,-0.405,0.113
-1.240038966,0.08,0.11,-2.097,0.754
-1.060864494,0.53,-0.21,-2.734,0.397
-0.853125655,0.92,0.11,-1.91,0.263
-1.195050558,0.68,-0.34,-0.357,0.316
-1.234696801,0.26,-0.11,-0.831,0.314
-0.465720871,0.3,0.03,-0.504,-0.297
-0.301840642,0.68,0.89,0.034,-0.48
0.404923626,0.88,-0.41,-0.95,-0.443
1.49229064,0.65,0.14,-2.177,-0.505
1.438282455,0.49,-1.22,-2.726,-0.233
1.445601346,0.47,1.4,-3.196,-0.087
1.860713049,0.52,0.32,-1.121,-0.275
2.290138064,1.1,0.99,-0.376,0.016
2.395123864,0.07,1.07,-0.747,-0.388
2.295305016,0.05,0.27,-3.358,-0.136
2.368886724,0.17,-0.05,-2.935,0.008
2.279419563,0.24,-0.43,-2.362,0.063
1.812483063,-0.15,-0.12,-2.786,0.04
1.553997528,-0.23,0.17,1.034,0.207
1.152874422,-0.12,-0.64,-1.108,0.056
-0.051952193,-0.61,-0.19,-3.017,0.155
0.083581958,-0.54,-0.11,-3.748,0.231
-0.059132624,-0.63,0.35,-4.205,0.333
-0.488533215,-0.23,0.42,-1.471,0.063
-0.972846669,-0.36,-0.82,-0.686,-0.186
-1.133932853,-1.11,-0.78,-0.719,-0.367
-1.334319243,-1.48,-0.73,-2.708,-0.542
-1.337883125,-1.36,-0.77,0.576,-0.867
-0.966677426,-1.36,-0.22,-0.542,-0.578
-0.74641434,-1.72,-0.68,-0.287,-0.441
-0.840547343,-1.64,-1.94,0.993,-0.049
-0.955732478,-1.56,-0.79,-0.725,0.158
-0.955677968,-1.2,-0.84,-1.743,0.133
0.616777635,-0.64,-0.71,-2.075,0.083
0.910549667,-0.29,-0.34,-0.293,-0.036
0.983427609,-0.3,0.82,-0.98,-0.181
1.19426007,-0.04,-0.03,-1.737,-0.126
1.164075951,-0.05,0.1,-2.675,-0.273
1.187137982,0.15,-0.22,-0.562,-0.127
1.224932551,-0.03,-0.4,-1.87,-0.477
1.156215115,0.04,-1.75,0.08,-0.678
1.206921823,-0.43,-0.34,0.662,-0.617
1.530112156,-0.72,-0.6,0.643,-0.434
1.52227383,-0.84,-1.13,1.641,0.198
1.801755986,-0.82,-0.66,-0.019,0.322
0.857049736,-0.96,-1.15,-1.777,0.275
1.137405828,-0.56,-0.32,-1.085,-0.09
1.118284571,-0.17,-0.33,-1.824,-0.2
0.824596686,0.37,0.07,-2.242,0.014
0.798371189,-0.07,0.98,-2.409,0.184
0.924920783,0.12,-0.31,-1.247,0.222
0.798824102,0.41,-0.59,0.769,0.376
0.639010372,0.93,0.61,-0.882,0.525
0.647811829,1.23,0.34,-0.632,0.462
0.272153049,1.3,0.86,0.691,0.285
0.264845704,1.6,-1.07,-1.947,0.153
0.048690525,1.24,1.31,0.675,0.061
-0.166536716,0.9,-0.5,-2.324,-0.109
-0.534256716,0.69,0.08,-0.572,-0.215
-0.523017085,0.63,0.17,-0.175,-0.18
-0.597759899,0.61,-0.71,0.037,-0.147
-0.617575137,0.4,-0.47,0.463,0.131
-0.137502061,0.62,0.38,0.595,-0.018
-0.097273094,0.5,0.06,-0.354,0.152
-0.035092983,0.13,-0.42,-0.652,0.03
0.560914471,-0.37,-0.8,0.97,0.003
1.001439443,0.34,0.76,0.271,-0.174
0.941708363,0.64,-1.18,0.199,0.195
0.936606848,0.6,0.06,-0.098,0.233
1.058431372,0.53,-0.78,-2.075,0.303
1.013629475,-0.16,-1.29,0.634,0.253
0.876809768,-0.21,-0.97,-3.266,0.483
0.974805128,0.29,-1.3,-2.487,0.148
0.883927757,0.15,-0.9,-1.761,-0.271
0.519911646,0.13,-2.21,-1.24,-0.292
0.888837133,0.27,-1.28,-0.658,-0.224
0.915370564,0.48,-1.06,-1.476,-0.072
0.399781282,-0.08,-0.26,-1.374,-0.31
-0.08956269,-0.01,0.29,-1.67,-0.159
-0.029228154,0.43,-0.66,-0.548,-0.109
-0.213694912,-0.52,-0.61,-1.965,0.032
-0.603861912,-1.42,-0.01,-2.809,0.09
-0.949181054,-0.55,-0.93,-2.415,0.006
0.225045127,-0.92,-0.42,-3.508,0.171
0.252731288,-0.21,0.4,-1.749,-0.007
0.244209354,-0.27,-0.58,0.192,-0.124
0.247807474,-0.29,-0.69,-1.055,-0.635
-0.143643685,-0.17,-0.78,0.471,-0.16
-0.160118598,0.04,-0.23,-3.513,-0.094
-0.438816409,-1.03,1.92,-1.475,-0.211
-0.112327405,-0.5,1.42,-1.102,-0.155
-0.191297727,-0.54,1.05,-2.499,-0.194
-0.14787808,-0.07,-0.85,-1.919,-0.019
0.219995071,0.08,0.08,-3.661,0.243
0.534246372,-0.54,0.43,-2.434,-0.193
-0.421169812,0.22,-0.19,-1.506,-0.157
-0.505762362,-0.44,-1.04,0.457,0.13
-0.306110824,-0.44,-0.82,0.02,-0.234
-0.207159878,-0.78,-0.93,-1.097,-0.115
-0.156894975,-0.38,-0.81,0.85,-0.133
-0.32798978,-0.26,0.84,-1.902,-0.155
-0.216665274,-0.31,-0.6,-0.734,-0.276
-0.420400618,-0.53,0.48,-2.844,-0.074
-0.277363077,-0.41,0.75,-4.94,-0.02
-0.307808287,-0.76,-0.04,-3.385,-0.223
-0.594968422,-0.85,0.49,-3.763,-0.115
-0.269505942,-0.55,0.99,-1.862,-0.048
-0.422547551,-0.25,-0.2,-4.29,-0.096
-0.002482955,-0.15,0.68,-4.785,0.108
-0.004408402,-0.2,1.16,-3.381,-0.092
-0.336765323,0.2,0.84,-3.036,0.288
-0.400152141,0.64,-0.24,-2.24,0.617
-0.365735517,0.79,1.1,-3.778,0.636
-0.5186702,0.87,0.62,-2.752,0.7
-0.182988551,1.02,-0.36,-0.369,0.02
-0.324597727,0.46,1.29,-2.62,-0.255
-0.189865535,0.63,0.73,-3.874,-0.413
-0.077149387,0.39,1.13,-2.591,-0.258
-0.674914057,-0.02,-0.02,-1.765,-0.067
-0.556931271,-0.85,0.36,-1.363,-0.189
-1.233950342,-0.67,0.75,0.484,-0.224
-1.43626632,-0.98,-0.55,0.248,-0.084
-1.403816748,-0.78,-0.67,0.116,-0.13
-1.196698678,-0.86,-0.48,0.634,-0.271
-0.807956706,-0.46,-1.25,-3.049,0.174
-0.770840224,-1.09,0.24,-1.968,-0.131
-1.383869714,-0.66,0.11,-0.888,-0.135
-1.122796503,-1.03,-0.05,-1.377,-0.131
-0.234263938,-0.47,-0.14,-3.726,0.153
-0.150004083,-0.53,0.2,-3.145,0.159
0.480180668,-0.52,0.86,-0.218,0.673
0.685661827,-0.4,0.79,-0.944,0.17
0.666997365,-0.18,-1.08,-1.095,0.291
0.699182806,0.5,-0.06,-1.475,0.131
0.6614427,0.68,-0.86,-1.613,0.256
0.589932774,0.77,0.52,-3.428,0.752
0.40850434,0.85,0.04,-3.332,0.466
0.555230592,1,0.88,-2.652,0.371
0.74218021,1.6,1.19,-1.613,0.077
0.560135198,1.52,0.3,-3.831,0.178
-0.257692991,1.29,0.98,-6.881,-0.178
0.089850842,1.19,-0.5,-2.732,0.125
-0.653506014,1.01,2.1,-3.713,-0.055
-1.000927495,0.83,1.43,-3.16,0.134
-0.897464419,0.61,2.03,-0.869,0.348
-0.83791856,0.63,1.05,-2.744,0.073
-0.745830831,0.15,1.64,-2.583,0.281
-0.835525604,-0.07,1.18,-1,-0.021
-0.962886661,-0.39,1.65,-4.882,0.252
-1.081916598,-0.27,1,-2.118,-0.228
-1.158145987,-0.23,1.06,-1.187,-0.188
-0.732592847,0.1,1.07,-1.556,-0.018
-0.641024621,0.23,1.73,-3.338,0.221
0.373646306,-0.18,0.15,-1.082,-0.031
0.314739601,-0.27,-0.18,-1.747,-0.203
0.255557284,-0.59,0.3,-0.072,-0.034
0.482287402,-0.15,0.69,0.057,0.045
0.676353979,-0.31,-0.31,-1.965,-0.262
0.790237257,-0.09,-0.73,-3.93,-0.311
1.012933393,-0.16,-0.41,-1.372,-0.275
1.087847791,0.27,-0.62,-0.632,-0.226
1.11202115,-0.04,-0.07,-0.205,-0.018
1.16970323,0.25,0.07,-0.412,-0.146
1.020824221,0.47,0.96,-1.696,-0.188
0.992511562,0.21,0.79,-1.561,-0.177
-0.318243022,-0.24,0.52,-1.357,-0.115
-0.282444677,-0.22,0.81,-1.29,-0.112
-0.166281442,-0.04,0.66,0.482,-0.057
-0.528849341,-0.26,0.15,-3.036,-0.258
-0.710967679,0.02,0.3,-0.884,-0.332
-0.684290037,-0.28,-0.72,-0.668,-0.583
-1.070711789,-0.13,-1.41,-2.519,-0.492
-0.965246854,-0.12,-1.31,-4.112,-0.343
-1.138949127,-0.17,0.14,-2.082,0.067
-1.147949331,-0.03,0.98,-1.656,-0.138
-1.130871529,-0.15,0.97,-3.449,-0.095
-1.142961366,-0.08,0.52,-2.528,-0.172
-0.96951408,-0.15,0.5,-2.18,-0.069
-1.027036982,-0.15,0.55,-3.07,-0.023
-0.477336382,-0.17,1.07,-0.226,-0.143
-0.134464753,0.13,0.5,-1.157,-0.039
-0.319880192,-0.02,-0.06,-1.005,-0.086
-0.458003013,0.1,-0.69,-2.971,-0.191
-0.453263719,0.3,0.45,-0.654,0.07
-0.46766739,0.4,-0.21,-0.366,0.017
-0.121592979,0.18,1.24,-3.523,-0.016
-0.322031262,0.63,-0.03,-4.483,0.201
-0.495606789,0.35,0.97,-0.878,-0.239
-0.442720963,0.39,-1.06,0.187,-0.332
-0.664367093,0.29,-0.43,-0.524,-0.148
-0.149854274,0.41,-0.7,-1.687,-0.054
-0.549936498,-0.04,0.06,-0.676,-0.231
-0.686090594,0.27,0.58,-1.395,0.06
-0.714802503,0.64,-0.45,-4.084,-0.099
-0.288123324,0.68,-0.53,-2.393,-0.041
-0.259430612,1.28,-0.2,-3.622,-0.422
-0.175209921,1.14,-0.38,-3.707,-0.048
-0.457254035,1.79,-0.31,-2.426,0.371
0.211873077,1.41,1.2,-0.876,0.114
0.353137086,1.49,0.08,-2.602,0.129
0.515866003,1.33,1.56,-2.914,-0.147
0.720643389,1.18,1.13,-2.419,-0.383
0.578863104,0.96,1.28,-1.797,-0.326
0.718618088,0.63,1.66,0.618,-0.039
0.748660202,0.48,0.39,0.999,-0.075
0.884188415,0.4,1.49,-1.486,-0.096
0.832966864,0.15,0.02,-1.073,-0.204
0.869427437,-0.42,-0.01,-2.781,-0.62
0.736945603,-0.22,-0.17,-0.588,-0.216
1.164401071,-0.27,0.34,-1.016,0.078
0.631477086,-0.28,1.09,-1.878,-0.575
0.627372954,-0.42,-0.26,-3.471,-0.24
0.379704966,-0.19,-0.58,-4.118,-0.391
0.104840317,0.25,0.51,-2.19,-0.256
0.063831405,0.25,1.15,-4.342,0.073
-0.120478297,0.28,0.64,-0.807,-0.153
-0.340600699,0.19,0.1,-2.955,-0.174
-0.466363769,-0.11,-0.12,-2.526,0.069
-0.090336939,0.09,-0.14,-1.448,-0.188
-0.060579824,0.02,-0.4,1.635,-0.027
0.174638619,0.02,-0.29,0.19,-0.349
-0.422697336,-0.04,-0.88,0.436,-0.049
-0.180657274,-0.41,0.02,-2.363,0.195
-0.239663428,-0.21,0.29,-4.175,-0.007
-0.238904609,-0.08,0.02,-3.558,0.094
-0.237569714,-0.2,0.15,-3.522,0.202
-0.493794632,0.01,-0.05,-1.639,0.371
-0.313967532,-0.4,-0.5,-1.509,-0.128
-0.273845388,-0.86,-0.68,-0.377,-0.098
-0.257323981,-0.66,-1.81,0.725,-0.148
-0.746371572,-0.94,-1.56,-1.642,-0.32
-0.749080804,-0.77,-2.28,-0.432,-1.166
-1.10853743,-1.1,-1.19,-2.302,-0.605
-0.770540325,-1.06,0.55,0.113,-0.337
-0.871148591,-1.21,-1.1,0.307,-0.236
-0.875597919,-0.93,0.17,-0.14,-0.416
-0.89795851,-0.87,0.68,-0.616,-0.075
-0.553843095,-0.95,1.34,0.343,-0.005
0.644358721,-0.42,1.63,1.1,0.063
0.296134307,-0.49,1.23,0.401,0.012
0.452499766,-0.33,0.51,0.388,0.186
0.474101951,-0.43,0.44,-0.671,-0.005
0.282374975,-0.33,1.54,0.398,0.281
0.244156741,-0.52,1.25,-0.133,-0.114
0.207148721,-0.26,2.1,0.253,0.052
0.114562955,-0.11,1.63,0.804,0.113
0.060695494,-0.24,1.67,0.133,0.068
0.046636266,-0.32,1.01,-2.221,0.182
0.37166518,-0.19,0.79,-1.536,0.138
0.287659485,-0.28,-0.11,-2.908,0.281
-0.929893923,-0.32,1.1,-4.918,-0.032
-0.913416629,-0.54,0.99,-1.471,0.272
-1.104183434,-0.4,1.39,-0.038,0.29
-1.009429837,-0.65,0.68,-2.533,0.354
-0.87256107,0.06,0.63,-4.42,0.269
-0.97588433,0.08,0.98,-3.481,0.126
-0.382470838,0.28,0.21,-1.353,0.061
-0.429117488,0.28,0.13,-1.302,0.368
-0.561410882,-0.04,1.78,0.023,0.239
-0.416892603,0.74,1.79,-1.605,0.256
-0.802958818,0.49,1.75,-1.152,-0.207
-1.200043374,0,1.36,-0.554,-0.052
-1.273977549,0.29,1.32,-0.957,0.125
-1.198402704,-0.07,1.83,-0.726,0.021
-1.198534324,-0.35,2.37,0.356,0.265
-1.012556569,-0.34,2.57,-1.437,0.248
-1.279608959,-0.32,1.71,-4.335,-0.138
-1.29456969,-0.1,0.04,-1.035,-0.063
-2.028783183,0.38,2.1,-1.058,-0.313
-1.990625679,-0.03,2.65,-1.618,0.204
-1.244568983,0.63,1.28,-0.747,-0.095
-1.32729074,-0.3,0,-2.997,0.069
-1.33519766,0.3,-0.49,-3.602,-0.052
0.116520187,0.25,0.38,-1.711,-0.104
0.107853557,0.21,0.2,-4.424,-0.221
0.265238104,-0.43,0.53,-2.45,0.255
0.327296093,-0.3,1.75,-1.752,-0.099
-0.007956923,0.09,0.11,0.425,-0.241
0.023799713,-0.2,-0.35,-1.914,0.036
0.058458002,0.17,0.63,-1.165,0.297
0.037990453,-0.1,0.76,-1.224,0.063
0.122059313,0.21,-0.18,0.159,0.141
-0.324637985,0.22,0.55,0.061,0.088
-0.222034804,-0.21,0.5,0.438,0.104
-0.238061434,0.23,0.02,-2.347,-0.046
-1.629455393,-0.06,0.24,-5.364,0.165
-1.603935008,0.09,0.27,-0.815,-0.157
-1.677229274,-0.33,-0.25,0.221,0.23
-1.454948106,-0.88,-0.2,1.434,-0.192
-0.98546801,-0.98,-0.21,0.046,-0.308
-0.95659247,-0.81,-0.45,-2.091,0.148
-0.948583347,-0.28,-0.01,-0.325,-0.073
-0.946370396,-0.75,0.07,-0.597,-0.23
-1.097070074,-0.72,0.48,-0.639,-0.44
-1.046561919,-0.79,1.4,-2.458,-0.308
-0.217653776,-0.67,1.36,-3.527,0.06
-0.098270369,-0.95,0.07,-0.927,0.387
-0.13713149,-0.85,-0.39,0.214,0.182
-0.049818273,-0.27,0.45,-0.455,-0.074
-0.153358478,-0.25,0.98,-1.753,-0.119
-0.372317774,0.05,1.04,-3.201,0.032
-0.50198664,0.25,-0.21,-2.742,-0.09
-0.38805242,0.06,-0.74,-6.211,-0.16
-0.419443996,0.43,-1.1,-2.049,0.092
-0.110720848,-0.47,-1.31,-1.397,0.178
0.211664457,0.32,-0.88,-0.994,-0.055
0.14573993,0.05,1.51,-0.783,0.125
-0.780226076,1.18,2.03,-1.312,0.267
-0.943773889,1.38,1.74,-3.049,-0.038
-1.042549021,1.19,1.89,0.042,-0.303
-1.24307609,0.8,2.37,0.5,-0.289
-1.159134037,0.34,2.32,0.485,-0.244
-1.237930559,0.55,2.43,1.01,0.175
-1.292518637,0.21,2.12,-0.523,-0.061
-1.585717561,0.75,1.4,1.391,0.043
-1.419039153,0.05,1.1,1.231,-0.004
-1.402873879,0.32,1.19,-0.289,-0.092
-2.077900132,0.7,0.68,-1.537,-0.081
-1.973171113,1.39,1.96,0.571,-0.09
-2.106963159,1.38,2.14,0.867,-0.183
-2.086623476,1.34,2.07,0.767,-0.438
-2.03268853,1.41,2.41,-2.66,-0.095
-1.350916785,1.36,1.89,-0.493,-0.081
-1.190564754,1.32,2.25,1.175,-0.053
-1.118632933,0.88,3.01,0.817,-0.166
-1.02887265,0.73,2.33,-1.275,-0.117
-0.722176481,0.79,3.31,-1.958,-0.124
-0.714832692,0.68,1.99,-0.054,0.049
-0.306022932,0.99,1.22,-1.021,0.178
-0.28980668,1.17,0.4,-0.936,0.527
-0.145130406,1.27,0.91,0.062,0.041
0.984175573,0.61,1.01,-0.485,-0.006
1.470328952,0.53,0.79,-1.909,-0.111
2.139155782,0.25,0.29,-2.869,-0.079
2.033154143,0.57,0.79,-0.52,-0.215
2.051777239,-0.1,0.84,-0.39,-0.383
2.244676925,-0.52,1.19,-0.449,-0.727
2.274143195,-0.55,0.12,-0.513,-0.382
2.219750371,-0.96,0.44,-2.912,-0.793
2.161102456,-1.17,0.68,-1.519,-0.555
1.872390409,-1.32,0.54,-1.13,-0.208
1.835927906,-1.5,-0.1,0.678,-0.33
2.187008725,-1.24,-1,1.233,-0.32
1.369385112,-1.2,-0.18,-1.323,-0.294
1.164409408,-1.18,0.02,-3.415,-0.057
1.165212388,-1.1,0.26,-0.801,-0.127
1.30569746,-0.6,1.08,-0.255,-0.019
1.112801884,-0.36,0.43,0.997,0.033
0.813692337,-0.11,0.68,1.039,0.363
0.686364584,-0.09,-0.36,-1.364,0.409
0.691939804,0.05,-0.9,-0.182,0.333
0.772892274,-0.24,-0.49,1.06,-0.262
0.603173465,-0.44,-0.04,0.012,-0.156
0.661422616,-0.5,0.29,0.459,-0.121
0.507775996,-0.42,0.58,1.192,-0.157
0.449726383,-0.42,0.18,-0.004,0.032
0.096170146,0.16,0.17,-1.318,0.422
-1.028176818,-0.21,0.08,-2.132,-0.012
-1.408411706,0.11,0.72,-2.395,-0.041
-1.071006803,0.14,-0.35,-0.771,0.497
-1.128303804,0.04,-0.98,0.86,0.093
-1.00251868,0.08,-0.4,-0.876,0.363
-0.81926222,0,-0.51,1.84,0.343
-0.98752866,-0.31,-0.56,1.227,0.382
-1.032169525,-0.22,-0.4,0.026,-0.22
-0.714064401,-0.35,0.33,-2.003,0.015
-1.173531258,-0.26,0.2,-2.95,0.4
-1.034844559,-0.36,-1.02,-1.091,0.051
-1.02295773,-0.47,0.72,-1.923,0.274
-0.986415715,-0.79,-0.42,-1.989,0.372
-1.210185289,-0.76,-0.4,-0.974,-0.122
-1.536935283,-0.46,-0.07,-1.349,-0.346
-1.081399536,-0.59,0.56,-2.541,-0.35
-1.147279751,-0.61,1.02,0.109,-0.211
-1.288696411,-0.84,0.18,-1.208,-0.352
-1.063823314,-0.82,-0.27,-0.987,-0.208
-1.104795149,-0.86,0.1,-1.524,-0.138
-1.509036809,-0.42,-1.94,0.576,-0.063
-1.397714217,-0.54,-0.74,0.946,-0.101
-1.334384304,-0.44,-0.91,-0.192,0.253
-1.053128716,-0.24,-0.32,-2.267,0.171
-1.160405497,-0.36,-0.41,-1.5,-0.055
-1.09216935,-0.48,-0.78,-1.007,-0.354
-0.997047401,-0.39,0.5,-0.557,0.505
-1.319173884,0.15,-0.86,-0.112,-0.111
-1.312788301,0.03,-0.84,-3.693,0.154
-1.517027495,-0.52,-0.36,-2.727,0.455
-1.469521242,-0.19,-0.22,0.403,0.317
-1.426208419,-0.01,-0.36,-1.201,0.206
-0.902159489,-0.18,-1.48,-4.762,0.242
-1.043360994,0.03,-0.96,-1.446,-0.016
-0.932654344,0.39,-0.73,-2.753,-0.105
-0.865016716,-0.13,-0.29,0.205,0.216
-0.143883883,0.28,1.17,0.699,0.17
0.392414647,-0.07,0.7,0.275,0.014
0.485697546,-0.55,0.37,0.201,0.319
0.420375106,0.07,1.36,-0.919,0.148
0.484886888,-0.39,0.16,-1.674,-0.31
0.719796358,-0.37,0.3,-1.302,-0.351
0.771679169,-1.05,0.58,0.681,-0.573
1.09384872,-0.82,0.85,-1.174,-0.432
1.037542225,-0.73,-0.14,-0.217,-0.042
0.905285536,0.18,1.67,-0.505,-0.03
0.730536425,0.05,-0.11,-0.97,-0.111
2.142269511,0.37,-0.74,-0.593,0.029
1.731108997,0.63,-0.03,-0.751,0.193
1.432207311,0.25,-1.33,-0.88,0.097
1.250096009,0.31,-0.23,-1.972,0.133
1.391694525,0.06,0.08,1.751,0.263
1.32961147,-0.06,-0.92,-1.135,0.051
1.114795282,-0.02,-1.56,-3.303,-0.149
0.911112466,-0.02,-1.74,-2.26,-0.26
0.67410315,-0.68,-1.32,-1.603,0.086
0.387984038,-0.3,-0.89,-1.559,-0.11
0.448317985,0.38,-1.7,-1.876,-0.277
0.454250315,-0.46,-2.01,-2.42,0.209
-1.777859196,0.26,-3.6,-2.552,0.356
-1.806882447,-0.55,-1,-0.661,0.051
-2.112961128,0.19,-0.53,-2.703,0.362
-1.944941412,-0.07,-1.07,-0.577,0.128
-2.272224279,-0.72,-0.7,1.641,0.203
-2.282671693,-0.39,-0.56,-1.498,0.297
-1.973822334,-0.32,-1.3,0.058,0.308
-1.813095399,-0.65,-0.93,0.617,0.291
-1.633652747,-0.72,-1.41,-1.975,0.249
-1.245366125,-1.33,-0.83,-0.409,-0.12
-1.095871007,-1.2,-0.8,-4.008,-0.097
-1.06151538,-1.05,-2.13,-3.553,0.144
-1.468706566,-1.5,-2.91,0.242,-0.363
-1.471084302,-1.07,-1.13,-2.795,-0.521
-1.492244593,-0.91,-1.2,-2.217,-0.273
-0.609153952,-1.3,-2.23,-0.535,-0.092
-0.529637001,-0.86,-1.77,-0.329,-0.287
-0.681945978,-1.08,-2.93,2.039,-0.037
-0.858871241,-0.63,-0.7,-0.705,0.078
-0.918939454,-1.1,-2.14,-0.263,-0.243
-1.03007971,-0.83,-1.36,-0.457,-0.21
-1.309017102,-1.38,-2.46,-1.562,0.047
-1.59364237,-1.04,-0.76,0.672,0.202
-0.98447412,-1.13,-1.54,0.608,0.446
-0.768081471,-0.74,-1.06,0.358,0.398
-0.549324884,-0.77,-1.9,-0.958,0.423
-0.1951416,-0.17,-0.36,-3.476,-0.309
-0.756176542,-0.1,-0.25,-1.33,0.073
-0.233049878,-0.09,-1.09,-0.568,0.027
-0.060407713,0.66,0.7,-0.261,0.093
-0.098860256,0.9,-1.37,-3.05,0.417
0.017434085,0.67,-0.08,0.679,0.376
-0.085840506,0.79,-0.32,-3.519,0.203
-0.169660577,0.78,-0.28,-6.533,0.382
0.107923066,0.71,-1.68,-2.934,0.153
0.474385368,0.39,-2.01,-1.922,0.116
0.617712045,0.24,-0.46,1.184,0.262
0.624131221,0.04,-0.63,-2.126,0.287
0.435430555,0.41,-1.05,-1.916,0.268
0.240638233,-0.38,-1,-2.44,0.069
-0.332192634,-0.66,-1.43,-3.33,0.226
-0.446286508,-0.59,-1.25,1.46,-0.114
-0.506383392,-0.42,-0.6,-0.111,-0.159
-0.521228844,-0.35,-0.89,-1.738,-0.214
-0.29854055,-0.04,-0.35,-1.184,-0.164
-0.246846279,-0.32,-0.76,-2.418,0.103
-0.533605809,-0.55,0.04,-0.897,0.205
-1.631114004,0.36,-0.57,-0.33,0.491
-2.145198427,0.24,-0.07,-1.626,0.463
-1.263328501,0.22,-1.12,-1.141,0.35
-1.028328824,0.77,0.05,-3.997,0.145
-0.675258975,0.35,0.43,-1.702,0.528
-0.310797746,0.41,0.29,0.553,0.089
-0.166293302,0.2,0.74,-1.712,0.128
0.273354569,0.04,0.05,-1.051,0.063
0.186706261,0.67,-0.63,-1.415,0.144
0.100911752,0.11,-1.09,-0.572,0.066
0.05012382,0.31,-0.03,-0.942,0.127
0.156815255,0.15,0.07,-0.796,0.11
0.156628179,0.39,-1.32,0.459,-0.158
0.143746346,0.21,-1.61,0.533,-0.089
-0.647621946,0.01,-0.52,-3.739,0.01
-0.834771862,-0.32,-1.33,-0.492,0.181
-0.955099903,-0.53,0.01,-0.233,-0.333
-1.166746153,-0.8,0.97,-1.091,-0.297
-1.174239416,-1.02,0.43,-1.768,-0.535
-1.696161672,-1.08,0.08,-2.183,-0.327
-1.525156491,-1.03,-0.94,1.448,-0.331
-1.419878591,-0.91,0.52,0.62,-0.454
-1.390677287,-1.17,0.72,-1.74,-0.178
-1.50087475,-0.79,-0.5,-2.688,0.175
-0.700252833,-0.66,0.2,-0.032,0.133
-0.161189968,-0.79,-1.52,1.406,0.036
0.30179678,-0.8,-1.26,0.641,0.188
0.574916835,-0.95,-1.97,-1.422,0.159
0.550796627,-1.23,-1.21,0.13,-0.47
1.126688647,-1.2,-2.44,1.185,-0.173
1.122536061,-1.32,-2.35,-0.109,-0.126
1.221374929,-0.91,-2.25,-4.445,-0.126
1.650628033,-1.33,-1.95,0.872,-0.349
1.524858903,-1.59,-2.8,-1.953,-0.344
1.632555003,-1.91,-3.08,-3.183,0.003
1.632653808,-1.52,-2.75,-1.13,-0.064
1.160364725,-1.23,-2.48,-2.606,0.088
0.784700106,-0.98,-2.74,-2.258,0.165
0.372864287,-0.93,-2.56,-0.345,0.171
0.009868442,-0.78,-2.17,-2.491,-0.097
0.200303884,-0.59,-1.41,-0.946,-0.348
-0.508737826,-0.83,-1.7,0.345,-0.606
-0.358122289,-0.94,-1.03,-1.743,-0.763
-0.438591806,-0.81,-1.16,-2.282,-0.466
-1.39199727,-0.91,-0.71,-1.028,-0.407
-1.241184027,-0.69,-2.3,-0.025,-0.286
-1.03435868,-1.01,-2.11,-2.476,-0.24
-0.896298967,-0.58,-1.28,-3.127,0.082
-0.826841372,-0.56,-1.82,-2.587,-0.25
-0.466985896,-0.24,-0.68,-1.74,-0.374
-0.420770556,0.08,0.03,0.613,-0.028
-0.472121603,0.42,-0.58,-2.732,-0.101
-0.84893999,0.45,0.57,-2.446,-0.108
-0.498824928,0.53,1.76,-1.898,-0.252
-0.908862274,0.69,0.72,0.325,-0.172
-0.824499339,0.79,0.51,-3.146,0.041
-0.80025241,0.53,1.59,0.619,0.005
-1.025016732,0.74,1.5,-2.256,-0.146
-1.489663188,1.09,-0.32,-4.193,-0.218
-1.466517569,1.18,-0.55,-2.717,-0.026
-1.463783582,1.54,0.25,-0.263,-0.218
-1.902866333,1.4,0.62,-1.994,-0.057
-1.096036345,0.99,0.25,-2.458,-0.207
-0.997890203,0.31,1.06,-2.392,-0.145
-0.770978144,0.32,1.28,-2.65,-0.277
-1.312960127,0.3,1.33,0.098,-0.639
-0.768314814,0.04,0.89,-3.324,-0.749
-0.087315508,0.24,1.06,1.3,-0.959
0.270676826,-0.31,0.29,2.206,-0.911
0.508067403,-0.03,0.01,-0.638,-0.584
0.695111364,0.05,-0.18,-1.143,-0.402
0.97241628,0.3,0.86,0.352,-0.406
1.012615177,0.43,0.69,0.876,0.159
1.21437899,0.5,-0.43,-0.666,-0.346
0.805778751,0.26,-0.95,-0.51,-0.351
0.916231669,0.27,-0.02,-4.654,-0.159
0.733068106,-0.01,0.23,-2.055,-0.518
0.933198099,-0.33,0.44,0.004,-0.534
0.603085315,-0.28,-0.5,-0.318,-0.349
-0.08511483,-0.41,-0.62,-1.29,-0.607
-0.26971022,-0.53,-0.85,3.049,-0.449
-0.41175166,0.11,0.52,-1.441,-0.212
-0.260481469,-0.17,1.11,1.973,-0.311
-0.30440052,-0.05,0.06,-0.932,-0.125
0.63005501,0.02,0.3,-1.029,-0.045
1.499154956,-0.24,0.52,0.06,0.148
2.013341213,-0.08,-0.21,1.758,-0.256
2.077567004,0.01,0.09,-1.52,-0.537
2.114806887,0.05,0.91,-0.506,-0.514
1.995842214,-0.2,0.64,-0.147,-0.468
2.38412115,-0.25,-0.27,0.936,-0.421
2.377303126,0,-0.38,0.53,-0.285
2.442776891,0.03,-0.94,0.85,-0.192
2.39239841,-0.07,0.09,-0.641,-0.524
2.181297334,-0.38,-0.23,-0.072,-0.538
2.191710782,0.02,0.17,-0.648,-0.4
1.832295514,-0.15,1.18,-1.39,0.046
0.803557566,0.04,0.43,-2.642,0.11
0.163125399,-0.1,0.09,-0.857,0.048
0.5022778,0.13,0.34,-1.391,-0.403
0.442781547,-0.01,-0.06,-0.379,-0.219
0.481900536,0.1,-0.61,0.143,0.206
0.047812537,-0.32,-1.22,-0.528,0.935
0.079739935,-0.25,-1.13,-1.814,1.068
-0.13857554,-0.52,-2.01,-0.669,0.927
-0.188438872,-0.71,-2.28,1.844,0.819
-0.198071888,-0.19,-1.85,0.644,0.577
-0.720513201,-0.29,-2.69,1.335,0.528
-1.37595425,-0.25,-1.29,1.584,0.692
-0.963020521,-0.16,-1.15,-2.717,0.724
-0.749855648,-0.41,-1.42,-1.747,0.52
-1.628157008,-0.32,-0.8,1.066,0.18
-0.935690202,-0.42,-1.22,0.218,-0.162
-0.938648392,-0.22,-1.62,-1.973,-0.249
-0.848661216,-0.3,-1.46,1.681,-0.15
-0.990504413,-0.13,-0.48,-0.356,0.001
-0.962285127,-0.56,-1.58,-0.392,0.199
-0.652299907,-0.33,-1.55,-0.481,0.051
-0.625584144,-0.43,-0.37,-3.115,0.06
-0.39269782,-0.49,-0.96,0.344,0.165
0.448702384,-0.32,-0.33,1.689,0.514
1.092948394,-0.26,-0.16,1.206,0.579
1.477559473,-0.06,-0.54,0.74,0.371
1.657018916,-0.06,-0.41,-0.515,0.139
2.107682059,0,-0.65,-0.998,-0.11
2.165740159,0.12,-0.88,0.561,-0.043
2.381004392,0.72,-1,-0.988,0.52
2.584949117,0.9,-1.03,-7.774,0.764
2.518472016,0.65,0.45,-3.194,0.459
2.371858386,0.84,-0.52,-0.065,0.797
2.477539098,0.75,-2.08,-0.184,0.576
2.391846103,1.05,-1.08,-0.817,0.165
1.930925439,0.76,0.01,-4.252,-0.277
1.134451148,0.55,-0.21,-2.001,-0.506
0.552299718,-0.16,-0.87,-1.268,-0.145
0.737892819,-0.53,-1.03,0.051,-0.032
-0.42122571,-0.74,-1.91,1.618,-0.306
-0.496642109,-0.88,-0.32,-3.19,-0.135
-0.566145185,-0.65,-0.51,-5.852,-0.511
-0.7855785,-0.76,-1.03,-2.153,-0.378
-0.35260985,-0.93,-0.68,1.211,-0.588
-0.270501811,-1,-0.37,-0.456,-0.645
-0.234134455,-1.1,-0.8,-3.723,-0.013
-0.321730198,-1.07,-1.52,-3.099,0.055
-0.481321195,-0.57,-1.24,-2.211,-0.145
-0.424687677,-0.36,-1.16,-7.926,-0.266
-0.419432024,-0.34,0.04,-1.854,-0.018
-1.022195007,-0.09,0.62,-1.802,-0.088
-0.52216248,0.19,-0.66,-1.861,-0.321
-0.039232968,0.45,-0.8,0.19,-0.273
-0.410744063,0.81,-0.47,-1.246,-0.161
-0.196954859,1.25,0.2,-1.829,0.05
-0.512884724,1.26,0.59,0.301,0.184
-0.426056002,1.61,-0.36,-0.333,0.384
-0.466501786,1.54,-0.59,0.049,0.032
-0.240148411,1.45,0.06,-2.257,-0.065
0.060566133,1.13,-0.82,0.038,-0.05
0.707447456,0.83,-0.03,-2.194,0.019
0.652471938,0.83,-1.29,-3.345,-0.178
1.161600259,0.54,0.06,-2.306,-0.237
0.915861597,-0.06,-0.53,-1.761,-0.209
0.598953889,0.14,0.16,1.679,0.089
0.493187818,0.23,0.26,-2.43,0.305
0.304231655,-0.1,-0.35,2.746,0.419
0.344196547,-0.05,-0.33,0.533,0.483
0.453871788,-0.05,-1.17,0.696,0.07
0.290741476,-0.37,-1.15,-3.173,-0.097
0.182283468,-0.26,-0.32,-1.822,-0.011
1.003264774,-0.55,-0.2,-4.729,-0.047
0.656683476,-0.56,-0.18,-2.241,0.117
0.968680562,-0.47,-1.2,0.483,0.415
0.619175924,-0.53,-0.89,-0.357,-0.075
0.922872446,-0.24,-1.24,-0.377,0.04
0.79043607,-0.12,-1.16,1.88,0.241
0.970697248,-0.1,-0.89,0.988,0.435
0.930955025,-0.31,-1.24,0.939,0.407
0.866424752,-0.59,-0.72,-0.171,0.514
0.774172403,-0.38,-0.64,-0.423,0.519
0.87947026,-0.34,-0.05,-1.899,0.277
0.996357228,-0.35,-0.4,-1.619,0.275
0.044642073,-0.6,-0.95,-1.009,0.389
-0.045344693,-0.74,-0.4,-2.288,0.511
0.486618862,-0.76,-0.31,-0.713,0.32
0.52054227,-0.47,-1.03,-4.556,0.259
0.392725757,-0.44,-0.53,-2.422,0.084
1.116462839,0.19,-0.35,0.306,0.283
1.032626509,0.31,0.53,1.98,-0.214
1.00996639,0.33,0.19,-0.929,-0.161
1.1093541,0.05,0.06,-0.997,-0.347
0.986202556,0.32,-0.34,-2.58,-0.155
0.939486767,0.76,-0.44,-4.208,-0.185
1.147321674,0.76,-1.27,-2.701,0.014
1.072432577,0.9,-1.26,-5.708,0.023
0.888514446,1.02,-0.95,-3.017,0.019
0.176351688,0.61,-0.5,-1.059,0.23
0.088129428,0.33,-0.44,-3.054,0.15
0.123206542,0.39,-0.2,-0.665,0.055
-0.852497349,0.26,0.89,-0.984,-0.409
-1.087910532,0.1,0.1,0.641,-0.093
-1.124952634,0.52,-0.81,1.192,-0.054
-1.200673025,0.47,-0.66,0.753,0.13
-0.946777801,0.66,1.12,-0.81,0.17
-0.948579516,0.75,0.15,0.157,0.253
-1.632432326,0.68,1.38,-1.013,0.139
-1.670866236,0.55,0.61,0.364,0.482
-1.522505581,0.36,0.43,0.085,0.505
-1.417741776,0.26,1.33,-2.315,0.231
-1.116576308,0.18,0.43,-2.577,0.412
-1.168159844,0.01,-0.49,-0.532,0.391
-1.118625698,-0.3,0.06,-0.064,-0.182
-1.041443086,-0.98,-0.68,-0.75,-0.262
-1.07902918,-0.95,-1.63,1.392,-0.059
-0.828478427,-0.78,-1.67,-1.194,-0.218
-0.961215382,-0.65,-1.39,-2.446,-0.263
-1.011857687,-0.85,-0.8,-0.709,-0.039
-0.835799664,-1.11,-0.97,-2.444,-0.006
-0.807006693,-1.47,-1.9,-2.087,0.378
-0.939861242,-1.28,-1.74,-0.085,0.191
-0.683479534,-1.29,-1.68,0.522,0.372
-1.128408602,-0.97,-1.59,-1.986,0.441
-1.530404834,-0.82,-1.55,-3.079,0.145
-1.12619555,-0.78,-1.55,1.025,-0.025
-1.11560909,-0.64,-2.2,-1.399,-0.041
-1.033427141,-0.65,-0.15,0.277,-0.243
-1.422871032,-0.75,0.21,-0.571,-0.357
-1.432292038,-0.78,-0.22,-2.545,-0.25
-1.064086878,-0.85,-1.25,-1.26,0.281
-1.076175105,-0.89,-1.87,-2.58,0.443
-1.118495464,-0.58,-1.99,-3.777,0.33
-1.097746875,-0.22,-1.83,-1.558,-0.035
-1.075810567,-0.25,-2.09,-2.402,0.194
-1.066029803,0.21,-1.65,-4.864,0.32
-1.117444137,0.33,-1.57,-0.768,0.366
-1.330618026,0.66,-1.87,-1.983,0.939
-1.21190673,0.83,-0.83,-1.437,1.012
-1.074981563,1.3,0.25,-3.823,0.807
-1.113957249,1.19,0.17,-0.078,0.742
-1.217273909,1.77,0.11,-0.151,0.69
-1.081572148,1.87,0.57,1.029,0.92
-1.223982671,2.19,-0.33,-3.166,0.694
-0.891318867,1.6,-0.46,-1.68,0.223
-0.915074943,1.08,-0.61,0.564,0.105
-1.27690445,0.58,-0.5,0.727,0.161
-0.699677954,-0.07,-0.69,-1.379,0.081
-0.345798672,-0.56,-0.76,-2.531,0.297
-0.162988064,-0.86,-0.97,0.22,-0.018
0.150504984,-1.14,-0.57,0.189,-0.184
0.58608673,-1.21,-1.14,1.722,-0.302
0.799076534,-1.4,-0.51,-0.263,-0.381
0.998853485,-1.58,-0.87,0.271,-0.055
0.970589758,-2.07,-1.81,-1.259,0.121
1.098470365,-2.18,-0.76,1.811,0.287
0.924990862,-2.02,-1.22,-0.429,0.468
1.181167418,-1.5,-1.65,2.206,0.341
2.075155841,-1.44,-0.9,2.075,0.418
2.306200861,-1,-0.52,-0.702,0.144
2.354087874,-0.79,-0.28,-0.856,-0.026
2.306088508,-0.7,-0.31,-0.127,0.18
2.202741369,-0.65,-0.08,-1.025,0.063
1.917944766,-0.32,0.27,-4.387,-0.201
1.953067538,-0.35,0.44,1.902,-0.272
1.838146944,-0.75,-0.1,-1.114,-0.459
1.839950912,-0.96,0.43,-2.672,-0.274
1.832023879,-0.86,-0.12,-2.55,-0.124
1.769381976,-0.37,-0.84,-2.68,-0.177
2.711742575,-0.33,-0.71,-0.986,-0.067
2.0061907,-0.59,-0.51,-0.514,-0.29
1.654058471,-0.59,-1.3,-0.488,0.284
1.576666163,-1,-1.02,-2.954,0.281
1.355821795,-1.25,-1.16,-0.993,0.261
1.271847358,-1.24,-0.4,-2.949,0.264
1.22630659,-1.16,-1.07,1.094,-0.052
1.035636171,-1.44,-1.23,2.791,-0.469
1.709665219,-1.47,-1.29,0.598,-0.671
1.509264545,-1.46,-2.08,-1.192,-0.065
1.485487942,-1.64,-1.61,-0.211,0.059
1.545538069,-1.8,-1.14,-1.788,0.195
0.294650019,-1.05,-1.85,0.478,0.26
0.051771503,-0.68,-0.96,-0.372,0.184
-0.225007536,-0.42,-0.89,1.621,0.318
-0.496416161,-0.49,-0.68,1.331,0.21
-0.487588073,0,-0.67,-0.408,0.57
-0.686550677,0.15,0.61,0.914,0.882
-0.833042185,0.31,1.28,-0.162,0.391
-0.755447609,0.57,0.82,-0.119,0.161
-1.524388641,0.86,1.11,-1.65,0.137
-1.31912616,0.88,1.25,-4.87,0.08
-1.42715352,0.64,1.22,-7.27,0.256
-1.527492889,0.84,1.65,-4.169,0.18
-1.76691168,0.55,1.11,-0.07,-0.076
-1.775897628,0.4,0.72,-1.407,0.338
-1.723677728,-0.25,0.3,-2.583,0.17
-1.239357109,-0.03,0.31,-1.734,-0.13
-1.201835508,0.36,0.42,-1.904,0.105
-1.215003367,0.45,0.19,-1.396,0.131
-1.097724501,0.25,0.64,-1.583,0.023
-1.192562196,0.44,-0.55,1.194,0.114
-1.292553303,0.89,-0.61,-0.1,0.602
-1.46766935,1.03,-0.72,-0.426,0.121
-1.019907815,1.09,-0.69,-1.338,0.193
-0.796753518,0.72,0.34,1.292,-0.451
-0.378259416,0.51,1.45,-0.439,-0.35
-0.412898302,0.06,1.34,-0.446,-0.418
-0.460903562,-0.37,1.29,-1.434,-0.024
-0.786696676,-0.49,0.9,-2.251,-0.327
-0.574960325,-0.45,0.15,0.496,0.02
-0.116264879,-0.48,-1.24,-3.766,0.194
0.156534637,-0.62,-0.56,3.034,0.082
0.289734542,-0.6,-0.44,0.963,0.126
0.093923924,-0.34,0.1,-0.756,-0.122
0.017011511,-0.15,-0.07,-1.952,-0.188
-0.205674146,0.07,-0.43,0.093,-0.029
-0.398105467,0.05,-0.58,0.396,0.494
-0.178176481,0.09,-1.33,0.61,0.025
0.009257935,0.13,0.3,1.709,0.13
0.151258366,0.17,0.89,-0.171,-0.015
0.245567414,-0.09,1.09,0.41,-0.234
0.129575537,0.04,0.17,2.032,0.304
-0.249623378,-0.2,0.84,2.268,-0.01
-0.135621054,0.21,0.52,0.042,0.063
-0.16144492,0.48,1,1.365,0.103
-0.329534772,0.32,1.06,0.367,0.063
0.076727691,0.35,0.48,-1.851,0.015
0.073504828,0.69,-0.42,-2.051,0.126
0.159757154,0.55,-0.11,-0.894,0.025
-0.301785124,0.33,1.32,-2.702,-0.021
-0.461508003,0.09,1.09,-4.033,-0.251
-0.499441445,0.2,1.49,-4.604,0.103
-0.031153391,0.13,1.2,-0.47,0.148
0.285164296,0.37,-0.22,0.546,-0.171
0.660889076,0.02,0.23,-2.87,-0.339
0.229227023,-0.23,0.51,-1.402,-0.513
0.048973668,-0.12,0.1,-2.423,-0.35
0.116239223,-0.11,1.35,0.976,-0.282
-0.26518337,0.1,0.37,-3.182,-0.162
-0.451961581,0.36,-0.1,-2.065,-0.264
-0.330661562,-0.45,0.59,1.081,-0.02
-0.372708172,-0.45,1.46,1.466,0.148
-0.198648135,-0.02,0.99,-2.838,0.186
-0.317881317,-0.17,1.45,-4.384,0.28
-0.601270967,-0.11,1.75,-0.251,0.189
-0.903248139,-0.15,1.69,0.406,-0.032
-1.365803997,-0.43,0.84,-1.605,-0.247
-1.109053699,-0.18,0.18,-3.468,-0.323
-1.106735892,-0.07,0.42,-2.525,-0.363
-1.129672914,-0.03,0.18,-1.118,-0.228
-0.474140155,-0.27,0.8,1.169,-0.063
-0.100253981,0.07,0.67,1.831,0.211
-0.102655125,-0.04,0.34,-1.221,0.327
-0.223030321,-0.13,0.2,1.454,0.35
0.332578976,-0.02,0.19,3.758,0.218
0.320073849,0.24,-0.19,2.479,0.312
0.233423572,0.65,-0.58,-1.343,0.434
0.270779154,0.92,-0.78,0.119,0.46
0.156694581,0.64,0.58,-0.557,0.574
0.095461374,0.93,0.39,0.848,0.547
0.329000072,1.39,0.84,1.402,0.82
0.657772605,2,0.37,-3.148,0.99
0.345547996,2.07,-0.25,-1.163,0.541
0.298199169,2.33,0.26,-3.454,0.064
0.136835386,2.43,0.56,-3.782,-0.297
0.070848155,2.22,1.14,-1.556,-0.405
-0.4005248,1.69,2.11,1.233,-0.582
-0.325632183,1.12,1.87,-0.999,-0.353
-0.573058324,1.12,1.8,-0.334,0.157
-0.691281044,0.62,2.36,-0.187,0.579
-0.534979693,-0.11,3.51,1.406,0.832
-0.46909811,-0.13,1.85,0.453,0.642
-0.576562563,-0.5,0.91,-1.55,0.314
-0.655329345,-1.03,0.96,1.689,0.089
-0.597208127,-1.13,1.02,1.837,-0.07
-0.085065883,-0.95,1.69,-0.03,0.131
-0.078345783,-0.8,1.5,-2.978,-0.038
-0.057279978,-0.53,1.21,-1.582,0.033
0.545600803,-0.48,1.77,-0.366,0.049
0.639366401,-0.6,1.52,-0.101,0.252
0.983601155,-0.64,1.3,-1.311,-0.083
0.873837367,-0.9,0.18,1.39,-0.143
1.115835176,-0.4,-0.18,0.127,-0.049
1.224545066,-0.4,-0.03,-1.791,-0.194
1.517820761,-0.35,0.67,-0.972,-0.216
1.483900799,-0.83,0.58,-1.558,-0.272
1.296490228,-1.18,0.71,0.445,-0.148
0.962671258,-1.53,0.82,-3.86,-0.046
0.934129326,-0.89,1.27,-2.436,-0.278
1.162818807,-0.91,0.94,-0.359,-0.446
0.8503073,-0.96,0.57,-0.289,-0.37
0.725210907,-0.98,0.19,1.114,-0.007
0.598028147,-0.9,0,-0.438,-0.01
0.661376269,-0.76,0.18,-1.783,-0.416
0.594246462,-0.61,1.07,2.198,-0.09
0.512561293,-0.49,0.81,1.555,-0.158
0.069025211,-0.57,0.44,2.745,0.144
-0.15645726,-0.64,0.29,0.375,-0.124
0.03521369,-0.43,-0.75,1.402,0.338
-0.257993718,-0.4,0.38,0.905,-0.191
-0.247653734,-0.79,1.12,0.393,0.073
-0.541650535,-0.64,1.61,-3.732,0.044
-0.816612478,-0.51,2.18,-1.342,-0.034
-0.790594623,-0.41,1.55,0.03,-0.089
-0.215781265,-0.47,1.16,-3.884,0.058
0.353672198,-0.08,0.89,-0.772,-0.073
0.182511317,0.16,1.38,-0.342,-0.242
0.116138958,0.24,0.22,-0.214,-0.111
0.278077612,0.59,0.22,1.311,0.229
0.375546951,0.9,1,-0.934,0.318
0.336243007,1.04,1.77,-0.272,0.015
0.517801308,0.98,1.77,1.989,-0.052
1.277962695,1.19,1.88,-2.365,0.097
1.231872486,1.17,1.75,-2.651,0.222
1.031474851,1.24,2.1,-1.859,0.024
1.091166519,0.89,2.16,0.482,0.04
0.540860139,0.91,1.85,0.345,0.381
0.24699854,1.24,0.73,-0.633,0.312
0.095842135,1.34,2.01,-1.63,0.508
0.033784785,1.48,2.83,1.944,0.585
-0.159573361,1.53,2.44,-1.606,0.766
-0.262320017,1.36,1.36,0.533,0.62
-0.183801463,1.29,1.47,1.873,0.21
0.018527917,1.05,1.27,-0.169,0.377
-0.954278643,0.69,0.93,-1.27,0.532
-0.72005395,0.35,1.24,1.316,0.029
-0.672349152,0.29,1.42,-0.175,-0.146
-0.495935131,-0.49,0.94,0.584,0.07
0.088878157,-1.05,1.2,-1.137,-0.293
-0.081628353,-1.46,0.74,-0.95,-0.057
0.040568922,-1.54,0.64,1.615,0.163
0.041501838,-1.44,0.19,-0.726,0.008
0.006216006,-1.33,-0.37,-0.829,-0.015
-0.06068139,-2.09,-0.1,-4.04,-0.142
-0.200230721,-2.18,-0.02,1.432,0.089
0.524086878,-1.98,-0.43,1.601,0.391
0.57224451,-1.95,-0.95,0.157,-0.09
0.418086568,-1.37,-1.02,0.857,0.14
0.587656629,-1.33,-0.83,1.455,-0.149
0.637656902,-1.11,-0.32,-0.181,-0.279
0.475705045,-0.8,0.47,3.481,-0.375
0.677520034,-0.64,0.36,3.761,-0.566
0.654987674,-0.47,0.83,0.945,-0.13
0.551857127,-0.58,0.09,-1.251,-0.014
0.543248274,-0.38,0.05,-0.331,0.162
0.609223581,-0.4,-0.12,0.343,-0.035
0.638701931,-0.3,-0.5,1.533,-0.076
-0.413819443,-0.13,-0.21,-0.645,0.058
-0.040450471,0.02,-0.3,-0.321,0.076
0.007773442,0.36,-0.65,2.388,-0.11
-0.129198355,0.2,-0.62,1.775,0.023
-0.282039323,0.26,0.27,-4.129,-0.19
-0.535848128,0.32,0.44,-1.704,-0.135
-0.697106033,0,0.44,0.132,-0.361
-0.550879223,0.15,0.27,-1.195,0.057
-0.185609632,0.17,0.11,0.358,-0.094
-0.144462401,0.12,0.38,2.994,0.198
0.164820626,0.13,-0.69,1.458,0.029
0.043189102,0.08,-1.69,0.259,0.168
0.201241084,0.32,-2.23,-0.005,0.229
-0.243783517,0.51,-2.02,1.381,0.24
-0.345909648,0.32,-1.19,-1.593,0.074
-0.512522229,0.1,-0.74,-0.95,0.122
-0.600846288,0.21,-1.01,-1.717,0.475
-0.682763275,0.44,-0.51,0.029,0.586
-0.391119907,0.65,-1.47,-1.64,0.461
-0.380084358,0.62,-0.1,-1.507,0.566
-0.738642731,0.43,0.36,1.201,0.343
-0.759767353,0.22,0.65,-3.095,0.471
-1.059205004,0.91,0.49,-0.457,0.329
-0.976970053,1.14,0.42,-1.976,0.293
-0.674055101,1.62,0.09,-3.595,0.294
-0.684459716,1.61,0.05,0.23,-0.146
-0.150647508,1.62,0.31,-2.803,-0.215
1.15513181,1.5,0.67,-2.606,-0.511
1.423292054,1.41,0.75,-2.18,-0.359
1.694835061,1.27,1.54,-3.188,-0.334
1.771291538,0.53,1.26,-3.563,-0.65
1.622898587,0.27,1.9,-0.093,-0.168
2.191545858,-0.15,1.44,-0.924,-0.471
2.401678945,-0.14,0.83,-0.683,-0.45
2.499059871,-0.35,0.93,-0.662,-0.254
2.530085917,-0.14,0.93,-0.988,-0.135
2.293446426,0.04,0.53,-0.93,-0.09
2.310737552,0.28,0.05,-4.648,-0.02
2.38902418,0.42,0.19,-0.458,0.209
1.691063687,0.47,0.76,-3.118,-0.136
1.487128884,0.92,1.21,-0.521,0.008
1.366469209,0.93,2.13,1.639,0.186
1.1476019,0.64,2.34,1.557,0.098
1.235304801,0.33,2.35,2.092,0.149
0.890798277,0.16,2.69,0.807,-0.016
0.682477583,0.26,1.56,1.099,0.206
0.494193089,0.36,1.41,0.499,0.211
0.928707001,0.28,1.24,-0.188,0.107
1.036512508,0.19,1.07,0.638,0.016
1.003291105,0.03,1.21,0.056,0.203
0.867208609,-0.16,0.59,2.437,0.035
0.620939129,-0.06,0.8,-0.446,0.357
0.443110209,0.03,1.05,-0.223,0.532
0.138149121,0.14,1.23,-1.694,0.746
-0.050218641,0.27,0.46,-3.32,0.629
-0.191534486,0.16,0.06,-0.42,0.85
-0.324652917,0.52,-0.79,4.39,1.09
-0.320023517,0.4,-1.36,-2.161,0.903
-0.323590155,0.9,-1.32,-0.786,1.063
-1.070979837,1.14,-1.96,-1.939,0.546
-0.478430293,1.21,-1.79,0.668,0.488
-0.166680899,1.1,-0.49,1.992,0.316
1.52116567,0.87,0.46,0.764,0.334
1.521260579,0.49,0.75,-0.147,0.112
1.889422905,0.27,0.83,0.314,-0.024
1.91307902,0.03,1.46,2.307,-0.038
1.983435605,0.08,1.27,-1.83,0.129
2.217333401,0.03,1.71,-3.724,0.138
2.015898638,-0.38,0.21,-1.202,0.154
2.026632824,-0.57,1.16,2.559,0.204
2.033770154,-0.72,0.47,-0.771,0.011
2.083073629,-0.78,-0.28,0.816,-0.027
1.837623754,-0.72,0.16,1.801,0.317
1.625809479,-0.65,0.59,0.091,0.16
-0.396987627,-0.66,0.75,-1.206,0.152
0.221229988,-0.48,1.01,1.051,0.087
0.162192477,-0.34,1.46,0.183,-0.167
0.034469578,-0.4,2.18,1.963,-0.049
0.155095462,-0.12,1.1,-1.285,-0.185
0.201430213,-0.14,0.77,-1.412,-0.333
0.352217311,-0.3,-0.14,-2.457,-0.381
0.425327465,-0.34,0.24,-3.149,-0.327
0.416044306,-0.28,-0.33,1.854,-0.729
0.422788987,-0.3,0.09,-3.52,-0.528
0.250512989,-0.43,-0.03,-0.057,-0.187
0.492806171,-0.43,0.23,0.993,0.079
0.670792153,-0.24,0.28,-0.248,0.254
0.319808126,-0.06,0.65,1.008,0.205
0.020349144,0.34,1.05,-1.511,0.245
0.555211614,0.87,1.83,1.137,0.241
0.317807453,1.15,2.76,-0.795,0.291
0.068535304,1.6,2.35,0.985,0.755
0.32172953,1.94,2.79,0.44,0.927
0.292843028,2.1,2.19,-0.395,1.143
0.369832654,2.29,1.61,-0.881,1.24
0.539221497,2.42,1.12,-3.565,1.528
0.684581871,2.3,0.67,-0.478,1.085
0.443301017,2.42,0.83,2.252,0.696
0.183371521,2.08,1.56,1.754,0.602
-0.058014739,1.49,2.01,1.932,0.117
0.264430181,0.9,1.27,3.942,0.248
-0.179064809,0.68,0.7,-1.13,0.356
0.127717933,-0.39,0.4,2.63,0.359
0.470657134,-0.73,-0.04,4.124,-0.064
0.317289619,-0.83,-0.22,3.48,-0.266
0.297491247,-0.82,-1.21,1.843,-0.1
0.309413295,-1.19,-1.39,0.877,-0.356
0.366714775,-1.23,-0.52,2.233,-0.38
0.365461721,-1.51,-0.44,1.635,-0.103
0.572419914,-1.53,-0.32,2.396,0.062
0.707393925,-1.41,-0.66,0.803,0.152
2.100197721,-0.92,-0.33,0.54,0.276
1.802446661,-0.81,-0.41,2.738,0.194
1.919354985,-0.87,-0.68,2.818,0.032
1.69542129,-0.95,-1.3,-1.348,0.07
1.430387479,-0.84,-0.66,0.343,0.416
1.330825745,-0.98,-0.96,-0.044,0.314
1.335991763,-0.84,-1.53,0.325,0.331
1.197831748,-1.03,-2.23,3.499,0.183
1.17796374,-1.41,-2.05,2.016,0.152
0.975817823,-1.54,-1.63,2.712,0.082
1.781469933,-1.79,-2,2.32,0.062
2.245017259,-1.53,-0.83,2.61,0.174
1.875256489,-1.26,0.29,0.837,0.31
1.963256624,-0.8,0.35,1.969,0.344
1.76367101,-0.8,-0.05,2.597,0.33
1.738904214,-0.75,-0.44,0.395,0.189
1.681714828,-0.57,-0.66,-0.133,0.39
1.739369726,-0.36,-1.19,-0.837,0.433
1.699238331,-0.39,-1.24,-3.374,0.293
1.80141164,-0.55,-1.3,0.825,0.227
1.838334193,-0.75,-0.53,-2.108,-0.041
1.802772954,-0.92,0.52,-2.247,-0.017
0.961645148,-0.88,0.6,0.28,-0.245
1.909095328,-0.63,0.29,-0.237,0.163
0.961308052,-0.48,0.45,0.192,0.15
0.835162728,-0.3,-0.31,2.375,0.333
1.053513667,-0.3,-0.3,-0.197,0.35
1.120666854,-0.11,-0.47,1.215,0.334
1.210319641,0.01,-1.31,-1.039,0.17
1.162254977,-0.07,-0.77,1.555,-0.001
1.205730683,-0.28,-1.37,2.587,0.156
1.356774027,-0.26,-1.37,1.922,-0.075
1.189892042,-0.28,-1.26,2.788,0.021
1.319539256,-0.46,-0.93,0.882,0.171
1.282836276,-0.14,0.27,1.162,0.04
-0.560716696,0,-0.64,1.845,0.087
-0.607579813,0.11,-0.43,-4.028,0.173
-0.277873833,0.14,-0.32,0.85,-0.157
-0.521260941,0.21,-0.63,-3.654,-0.115
-0.615669162,0.68,-0.35,-0.069,0.019
-0.814808644,0.57,-0.31,-1.605,0.049
-0.853257001,0.7,0.6,-1.537,0.084
-1.051237046,0.82,0.43,-0.895,0.664
-1.569266858,1.16,0.42,-5.019,0.768
-1.629301843,1.41,1.51,-1.412,0.353
-1.207942512,1.41,2.1,1.766,0.065
-1.151553186,0.98,2.09,-0.705,-0.063
-0.758620212,0.64,1.75,0.366,0.199
-0.626732584,0.48,1.51,-1.164,0.12
-0.708119622,-0.03,1.18,0.45,0.094
-0.336936617,-0.52,0.89,1.554,0.051
-0.314902705,-0.19,0.68,-0.518,0.344
-0.215798324,0.14,0.96,1.606,0.436
-0.022052493,0.05,0.88,0.711,0.4
0.324575342,0.15,0.01,-0.956,0.32
0.447322282,0.46,0.83,-0.574,0.13
0.767274039,0.39,0.52,-0.732,0.1
0.489069244,0.32,0.33,-1.181,0.407
0.622029035,0.26,0.43,1.935,0.225
0.770453176,0.17,0.48,-2.62,0.293
1.205967648,-0.1,0.61,0.74,0.248
1.231477773,0.06,0.57,0.1,0.116
1.030684237,0.1,0.88,1.044,-0.347
1.08047565,0.14,0.04,1.273,-0.182
1.183661416,0.41,0.44,1.68,0.007
1.042558833,0.66,0.85,-1.624,0.159
0.825863205,0.67,0.75,1.206,0.273
0.804887209,0.73,-0.11,-0.001,0.365
0.453083359,0.62,-0.63,-0.96,0.099
0.397916203,0.71,-0.17,-1.599,0.091
0.146860511,0.56,0.44,0.479,0.055
-0.470429612,0.26,0.81,1.872,-0.376
-1.043236667,0.28,1.36,-0.189,-0.268
-1.170768616,0.28,1.03,2.154,0.277
-1.097014944,0.3,1.86,-0.469,0.181
-1.049592323,0.22,1.17,-1.575,0.029
-1.363235176,-0.01,0.66,-0.829,-0.073
-0.819654115,-0.04,0.25,-0.376,-0.048
-0.836530589,-0.08,-0.46,-0.236,-0.152
-0.760211901,-0.15,-1.32,-1.108,-0.061
-0.803025066,-0.44,-1.5,-1.414,-0.009
-0.889321656,-0.75,0.2,-3.658,-0.068
0.177824489,-0.98,1.03,0.746,0.056
0.342190992,-0.71,0.66,-1.354,-0.12
0.766986657,-0.73,0.05,2.258,-0.06
0.849426171,-0.3,0.4,-1.283,0.181
0.780255606,-0.11,0.48,1.719,0.003
0.632329705,0.09,1.04,0.673,0.145
0.623853961,0.03,0.35,0.708,0.344
0.134726179,0.37,-0.65,-2.456,0.52
0.223301419,0.63,-0.94,0.433,0.8
0.186725181,0.76,-0.05,1.67,0.938
0.291397901,0.98,-0.22,0.983,0.754
0.52963633,1.1,0.14,0.228,0.392
0.240958112,0.59,0.01,-0.491,0.402
0.244612121,0.12,0.04,0.721,0.331
-0.313454057,-0.15,-0.36,-0.943,0.275
-0.504866023,-0.16,0.16,-1.513,0.291
-0.532000947,-0.39,-0.1,0.149,0.483
-0.279050233,-0.16,0.09,-0.444,0.239
-0.196234235,-0.37,0.78,-3.225,0.358
-0.141466418,-0.57,0.5,0.828,0.533
-0.25255161,-1.04,-0.36,-0.205,0.616
-0.309012984,-1.4,-1.45,-0.179,0.444
-0.49274923,-1.58,-1.08,-0.27,0.241
-0.399803342,-1.61,-0.58,2.408,0.004
-1.239658473,-1.79,-1,1.992,0.303
-0.561862926,-1.7,-0.77,0.945,0.112
-0.739445785,-1.17,-0.71,2.045,0.269
-0.708713744,-0.89,-1.52,-1.709,0.041
-0.782859219,-0.64,-1.37,-1.545,0.395
-1.042809429,-0.44,-1.34,3.444,0.421
-0.712221574,-0.04,-1.67,-0.618,0.551
-0.580300971,-0.04,-1.7,0.268,0.417
-0.54691378,-0.28,-1.55,2.008,0.467
-0.172371168,-0.3,-1.76,2.533,0.403
0.184037071,-0.37,-1.25,2.071,0.139
0.301197197,-0.9,-0.87,1.018,0.174
0.548964173,-1,-1.4,1.129,0.218
-0.100155731,-0.71,-1.55,0.709,0.348
0.105718744,-0.72,-1.59,0.471,0.264
0.190321974,-0.25,-1.65,-0.669,0.318
0.208159728,0.17,-0.88,-0.636,0.468
0.4982637,0.49,-0.31,-0.422,0.303
0.420792361,0.69,-0.53,-1.819,0.113
0.439257708,0.62,0.09,-2.467,0.194
0.48696571,0.68,0.52,0.36,0.272
0.197940543,0.96,0.27,0.844,0.355
0.203247375,1.49,-0.4,-2.6,0.183
-0.120233921,1.81,0.08,0.904,0.382